PLOD,i,j,mtDNA
209.338829,1338,664,M
251.0224026,1451,841,P
